{
  "name": "ipadha-hacs",
  "version": "0.1.0",
  "description": "iPadHA - Home Assistant Dashboard für iOS 9.3.5 mit Glasmorphismus-Design",
  "main": "server.js",
  "scripts": {
    "start": "node server.js",
    "dev": "nodemon server.js",
    "build": "npm run build:css && npm run build:js",
    "build:css": "node scripts/build-css.js",
    "build:js": "node scripts/build-js.js",
    "build:hacs": "npm run build && node scripts/build-hacs.js",
    "install:hacs": "python3 scripts/install-hacs.py",
    "test": "node tests/test.js",
    "lint": "eslint src/js/**/*.js",
    "serve": "http-server public -p 8080"
  },
  "keywords": [
    "home-assistant",
    "ipad",
    "ios9",
    "dashboard",
    "glasmorphism",
    "hacs",
    "touch-optimized"
  ],
  "author": "Christian Braun",
  "license": "MIT",
  "dependencies": {
    "express": "^4.18.2",
    "ejs": "^3.1.9"
  },
  "devDependencies": {
    "nodemon": "^2.0.22",
    "eslint": "^8.42.0",
    "http-server": "^14.1.1",
    "clean-css": "^5.3.2",
    "terser": "^5.17.1"
  },
  "engines": {
    "node": ">=14.0.0"
  },
  "repository": {
    "type": "git",
    "url": "git+https://github.com/chr-braun/iPadHA.git"
  },
  "bugs": {
    "url": "https://github.com/chr-braun/iPadHA/issues"
  },
  "homepage": "https://github.com/chr-braun/iPadHA#readme",
  "hacs": {
    "name": "iPadHA",
    "content_in_root": false,
    "filename": "ipadha",
    "render_readme": true,
    "domains": ["frontend"],
    "homeassistant": "2021.1.0",
    "iot_class": "Local Push"
  }
}
